squareFeet,bathrooms,url,price,bedrooms,saleDate,address,image
900 FT,1 BATH,/Listing/Details/948628/16739-Greydale,$1000,3 BED,11/25/2014,16739 Greydale,Content/listingImages/20141103/9f7c35e9-b056-4338-96d2-8359a64a213a_thumbcrop.jpg
"1,700 FT",1.5 BATH,/Listing/Details/959615/3837-28th-Street,$1000,3 BED,11/25/2014,3837 28th Street,Content/listingImages/20141104/731ba97e-08cc-48c5-b778-e89bf34060c7_thumbcrop.jpg
"2,000 FT",1 BATH,/Listing/Details/961390/4447-28th-Street,$1000,4 BED,11/24/2014,4447 28th Street,Content/listingImages/20141104/299432bf-c364-4ef1-8f3d-97800162b109_thumbcrop.jpg
900 FT,1 BATH,/Listing/Details/955750/7138-Parkwood,$1000,3 BED,11/24/2014,7138 Parkwood,Content/listingImages/20141104/62200543-c099-4494-a75e-4ab0cd0ddfcc_thumbcrop.jpg
"1,100 FT",2 BATH,/Listing/Details/958495/7371-Edward,$1000,4 BED,11/23/2014,7371 Edward,Content/listingImages/20141104/972f74fd-f522-4151-9861-4f66fb29dfd2_thumbcrop.jpg
"1,400 FT",1 BATH,/Listing/Details/952565/6841-Linzee,$1000,5 BED,11/23/2014,6841 Linzee,Content/listingImages/20141103/dfded22c-7877-4fcb-81b9-a80649eef3cc_thumbcrop.jpg
700 FT,1 BATH,/Listing/Details/947298/16747-Lahser,$3600,3 BED,11/22/2014,16747 Lahser,Content/listingImages/20141103/2cee1355-2da0-402e-be9a-41cdaf033147_thumbcrop.jpg
"1,200 FT",2 BATH,/Listing/Details/950791/4836-Chopin,$1000,6 BED,11/22/2014,4836 Chopin,Content/listingImages/20141103/449d64e1-a02a-4aa8-93c9-05d92bab375c_thumbcrop.jpg
"2,300 FT",2 BATH,/Listing/Details/957372/4376-52nd-Street,$2100,6 BED,11/21/2014,4376 52nd Street,Content/listingImages/20141104/560f5362-8062-448e-aa6b-3b7f9c4f5739_thumbcrop.jpg
"1,500 FT",1 BATH,/Listing/Details/962467/8381-Carlin,$5100,3 BED,11/21/2014,8381 Carlin,Content/listingImages/20141104/8b3c2c67-dcf0-4391-a6fe-d6a04503d395_thumbcrop.jpg
"1,200 FT",1 BATH,/Listing/Details/963528/8237-Carlin,$1100,3 BED,11/20/2014,8237 Carlin,Content/listingImages/20141104/ce605c81-9e52-4447-b14c-95ea3448d0e3_thumbcrop.jpg
"1,200 FT",2 BATH,/Listing/Details/935216/6826-Forrer,$1000,3 BED,11/20/2014,6826 Forrer,Content/listingImages/20141020/9c60cfb0-1c12-46a8-8439-0db0c20c1add_thumbcrop.jpg
"1,100 FT",1 BATH,/Listing/Details/933146/6730-Forrer,$1000,4 BED,11/19/2014,6730 Forrer,Content/listingImages/20141020/87642908-8308-421b-a7f7-183f722a8244_thumbcrop.jpg
800 FT,1 BATH,/Listing/Details/934156/6921-Forrer,$1000,2 BED,11/19/2014,6921 Forrer,Content/listingImages/20141020/8faf7b0f-daac-4dfd-8df7-fa98bc94684f_thumbcrop.jpg
800 FT,1 BATH,/Listing/Details/915189/6800-Mansfield,$1000,3 BED,11/18/2014,6800 Mansfield,Content/listingImages/20141017/d08baf79-9652-4c03-9577-3c5d998dc777_thumbcrop.jpg
"1,000 FT",1 BATH,/Listing/Details/915149/6870-St-Marys,$5100,2 BED,11/18/2014,6870 St Marys,Content/listingImages/20141017/77687771-542f-4e78-bf09-4d08b746b4e8_thumbcrop.jpg
800 FT,1 BATH,/Listing/Details/915209/6700-St-Marys,$3100,3 BED,11/17/2014,6700 St Marys,Content/listingImages/20141017/51f41e3f-fb1e-4e2b-ba3a-06311b7bf718_thumbcrop.jpg
"1,000 FT",1 BATH,/Listing/Details/915249/6322-Abington,$5700,3 BED,11/17/2014,6322 Abington,Content/listingImages/20141017/a9a52af7-10cd-4425-9106-8b649310bdb2_thumbcrop.jpg
"2,300 FT",2 BATH,/Listing/Details/968286/836-Navahoe,$1000,6 BED,11/16/2014,836 Navahoe,Content/listingImages/20141106/84846551-d494-4e6d-afd5-24923284a655_thumbcrop.jpg
800 FT,1 BATH,/Listing/Details/915049/9252-Burt,$3000,3 BED,11/16/2014,9252 Burt,Content/listingImages/20141017/57d31d00-3e0a-472c-b841-4e46bff76adc_thumbcrop.jpg
800 FT,1 BATH,/Listing/Details/915169/6920-Mansfield,$1600,3 BED,11/15/2014,6920 Mansfield,Content/listingImages/20141017/202195f1-681a-4e64-97a1-1762f4ee4930_thumbcrop.jpg
700 FT,1 BATH,/Listing/Details/915029/9273-Auburn,$1000,3 BED,11/15/2014,9273 Auburn,Content/listingImages/20141017/1cf045e9-cedc-4c6e-96d3-04646621b9ba_thumbcrop.jpg
800 FT,1 BATH,/Listing/Details/915009/7498-Rutland,$1000,3 BED,11/14/2014,7498 Rutland,Content/listingImages/20141017/18d93c69-82d5-4110-b683-d7a7a0afefb7_thumbcrop.jpg
"2,500 FT",2.1 BATH,/Listing/Details/925405/9530-St-Marys,$20100,4 BED,11/14/2014,9530 St. Marys,Content/listingImages/20141017/d7106f78-63ee-4370-86b7-4e8116771166_thumbcrop.jpg
800 FT,1 BATH,/Listing/Details/914989/9042-Burt,$1000,3 BED,11/13/2014,9042 Burt,Content/listingImages/20141017/3af284c0-476d-4d87-90a1-d31c8b4ad807_thumbcrop.jpg
900 FT,1.5 BATH,/Listing/Details/915129/6784-Asbury-Park,$7700,4 BED,11/13/2014,6784 Asbury Park,Content/listingImages/20141017/9a249228-ba62-42fb-b2ee-83f449cfa09a_thumbcrop.jpg
600 FT,1 BATH,/Listing/Details/915089/6014-Grandville,$4600,3 BED,11/12/2014,6014 Grandville,Content/listingImages/20141017/d17bcf27-07a8-4a7b-8f2b-972c5eb25e09_thumbcrop.jpg
900 FT,1 BATH,/Listing/Details/915229/6781-Woodmont,$13700,3 BED,11/12/2014,6781 Woodmont,Content/listingImages/20141017/18438b95-9cdb-4f16-8979-de2f24e214c7_thumbcrop.jpg
800 FT,1 BATH,/Listing/Details/983137/16891-Woodbine,$1000,1 BED,11/11/2014,16891 Woodbine,Content/listingImages/20141110/f40f4dac-e867-4527-b4ab-3414f623df2f_thumbcrop.jpg
"1,500 FT",1 BATH,/Listing/Details/914688/17334-Santa-Rosa,$38600,3 BED,11/11/2014,17334 Santa Rosa,Content/listingImages/20141015/84df85e7-e327-48b0-8c14-92feeb993dca_thumbcrop.jpg
"2,400 FT",2 BATH,/Listing/Details/911975/17527-Stoepel,$12600,4 BED,11/10/2014,17527 Stoepel,Content/listingImages/20141015/97378146-ae0c-4c4d-b0d2-351314be7dc8_thumbcrop.jpg
"1,700 FT",1 BATH,/Listing/Details/903006/16161-Roselawn,$6400,3 BED,11/10/2014,16161 Roselawn,Content/listingImages/20141015/19a5da17-5dfe-4f31-b89a-e4613e880b54_thumbcrop.jpg
"1,200 FT",1.5 BATH,/Listing/Details/903404/16193-Northlawn,$5100,3 BED,11/09/2014,16193 Northlawn,Content/listingImages/20141015/af69d620-cfde-4680-ba5c-08f08ae04b47_thumbcrop.jpg
"3,200 FT",2 BATH,/Listing/Details/906242/18115-Cherrylawn,$1500,5 BED,11/09/2014,18115 Cherrylawn,Content/listingImages/20141015/0e87b266-0bb2-40df-af85-7ccf1dc6a8a7_thumbcrop.jpg
"1,400 FT",1 BATH,/Listing/Details/904359/17127-Santa-Barbara,$3000,3 BED,11/08/2014,17127  Santa Barbara,Content/listingImages/20141015/166f21ce-c1ed-4292-8956-8238a979ab93_thumbcrop.jpg
"1,700 FT",1.5 BATH,/Listing/Details/901695/16177-Roselawn,$1000,3 BED,11/08/2014,16177 Roselawn,Content/listingImages/20141015/0d8c4830-531a-4fd1-bde3-6f26a2e51c39_thumbcrop.jpg
"1,400 FT",2 BATH,/Listing/Details/896003/16247-Wisconsin,$1000,3 BED,11/07/2014,16247 Wisconsin,Content/listingImages/20141015/37435695-c0db-4ab7-8869-e10c881da874_thumbcrop.jpg
"1,600 FT",2.5 BATH,/Listing/Details/913138/17335-San-Juan,$10500,3 BED,11/07/2014,17335 San Juan,Content/listingImages/20141015/5564ddaa-665c-4ccd-a629-43af759a9e5c_thumbcrop.jpg
"2,200 FT",1.5 BATH,/Listing/Details/908119/17403-Greenlawn,$30400,4 BED,11/06/2014,17403 Greenlawn,Content/listingImages/20141015/ddbfa482-62a5-44c1-8f90-10441d006384_thumbcrop.jpg
"1,400 FT",1 BATH,/Listing/Details/898939/16165-Ohio,$4200,3 BED,11/06/2014,16165 Ohio,Content/listingImages/20141015/8899e398-ed7d-4001-9b2a-115cfac221db_thumbcrop.jpg
"1,600 FT",2 BATH,/Listing/Details/900510/16169-Northlawn,$6000,3 BED,11/05/2014,16169 Northlawn,Content/listingImages/20141015/af3155a8-35b1-4000-ac45-32e9cfdbebea_thumbcrop.jpg
"2,300 FT",1 BATH,/Listing/Details/910761/17185-San-Juan,$25300,3 BED,11/05/2014,17185 San Juan,Content/listingImages/20141015/06c890b7-8b2e-4828-b7d2-aeb60ca21ecc_thumbcrop.jpg
"1,000 FT",1 BATH,/Listing/Details/935705/4151-Three-Mile-Drive,$6500,3 BED,11/04/2014,4151 Three Mile Drive,Content/listingImages/20141020/4c601bd3-a2df-4b31-8912-ac5f89087fc8_thumbcrop.jpg
"1,400 FT",1 BATH,/Listing/Details/937468/5239-Three-Mile-Drive,$3800,3 BED,11/04/2014,5239 Three Mile Drive,Content/listingImages/20141020/a666ca28-cf2d-4628-96ae-b6dac53fecb5_thumbcrop.jpg
"3,000 FT",2 BATH,/Listing/Details/938475/2236-Euclid,$1000,6 BED,11/03/2014,2236 Euclid,Content/listingImages/20141020/752c3501-aaa6-4c41-8660-2f957e9cb0e2_thumbcrop.jpg
"2,700 FT",2 BATH,/Listing/Details/881326/2283-Clairmount,$1000,6 BED,11/03/2014,2283 Clairmount,Content/listingImages/20141003/51aa981d-0533-4339-aeb2-6bd6505d8569_thumbcrop.jpg
"1,000 FT",1 BATH,/Listing/Details/879666/680-Algonquin,$1000,2 BED,11/02/2014,680 Algonquin,Content/listingImages/20141003/a225c513-e040-4959-ba11-74bc1c0fe1f1_thumbcrop.jpg
"1,000 FT",1 BATH,/Listing/Details/880725/3386-Annabelle,$1000,3 BED,11/02/2014,3386 Annabelle,Content/listingImages/20141003/a5817f4d-2e21-4aef-8108-b95fd01c4526_thumbcrop.jpg
"1,400 FT",1.5 BATH,/Listing/Details/886589/4184-Bishop,$25600,3 BED,11/01/2014,4184 Bishop,Content/listingImages/20141008/482576d4-e82c-4f6c-83b6-f1c20c17061e_thumbcrop.jpg
"1,600 FT",1.5 BATH,/Listing/Details/888227/5109-Kensington,$12100,3 BED,11/01/2014,5109 Kensington,Content/listingImages/20141008/ea9db40f-f879-45f9-8757-33a8ae648bdf_thumbcrop.jpg
800 FT,1 BATH,/Listing/Details/855938/8071-Carlin,$1600,3 BED,10/31/2014,8071 Carlin,Content/listingImages/20141003/a534a680-71a8-4bca-82cf-b36caff2e6e7_thumbcrop.jpg
"1,500 FT",1.5 BATH,/Listing/Details/857203/5205-Yorkshire,$6100,3 BED,10/31/2014,5205 Yorkshire,Content/listingImages/20141010/9936db73-00a3-44ed-a67d-a6a71e79b88b_thumbcrop.jpg
"1,400 FT",1.5 BATH,/Listing/Details/853589/8050-Hartwell,$3700,3 BED,10/30/2014,8050 Hartwell,Content/listingImages/20141003/5d8da659-2c77-4d42-b430-c6b91e9952f0_thumbcrop.jpg
"1,000 FT",1 BATH,/Listing/Details/854725/3941-Cadieux,$1100,2.5 BED,10/30/2014,3941 Cadieux,Content/listingImages/20141010/60423f71-4d1f-4e2c-83f4-abb18cbfffa0_thumbcrop.jpg
"1,700 FT",1 BATH,/Listing/Details/872685/8553-Ward,$10800,3 BED,10/29/2014,8553 Ward,Content/listingImages/20141003/2a7153a5-992c-4279-afb4-dbc6581039d5_thumbcrop.jpg
"1,600 FT",1.5 BATH,/Listing/Details/871432/4884-Yorkshire,$1400,3 BED,10/29/2014,4884 Yorkshire,Content/listingImages/20141003/15b09058-ca6f-49ab-8b21-5fe538df089e_thumbcrop.jpg
"1,500 FT",1 BATH,/Listing/Details/870288/8381-Carlin,$1000,3 BED,10/28/2014,8381 Carlin,Content/listingImages/20141003/a948f0e2-033e-47ae-bd49-f9418430a7d7_thumbcrop.jpg
"1,100 FT",1 BATH,/Listing/Details/870890/5061-Cadieux,$1000,3 BED,10/28/2014,5061 Cadieux,Content/listingImages/20141003/47a76b17-ee3e-48a1-bece-47089d22a47d_thumbcrop.jpg
800 FT,1 BATH,/Listing/Details/873525/5525-Cadieux,$1900,2 BED,10/27/2014,5525 Cadieux,Content/listingImages/20141003/460da9db-d867-4c8b-9968-bb24cb1c7f70_thumbcrop.jpg
"2,300 FT",2 BATH,/Listing/Details/868725/591719-Yorkshire,$1000,4 BED,10/27/2014,5917-19 Yorkshire,Content/listingImages/20141010/d083926b-73ae-425d-b999-abfd159febfd_thumbcrop.jpg
"1,500 FT",1.5 BATH,/Listing/Details/889313/4335-Bishop,$9100,3 BED,10/26/2014,4335 Bishop,Content/listingImages/20141009/5a1f1de4-c5ff-44ad-ad98-81cf815fbf9e_thumbcrop.jpg
"1,300 FT",1 BATH,/Listing/Details/867379/4892-Harvard,$16100,3 BED,10/26/2014,4892 Harvard,Content/listingImages/20141010/b1e50be5-abd5-4b68-a3ed-855046e4c1d4_thumbcrop.jpg
900 FT,1 BATH,/Listing/Details/866325/8615-Strathmoor,$1000,3 BED,10/25/2014,8615 Strathmoor,Content/listingImages/20141003/e6b53460-3897-4918-b697-1457764745d7_thumbcrop.jpg
"2,100 FT",2 BATH,/Listing/Details/872351/600608-Yorkshire,$2000,4 BED,10/25/2014,6006-08 Yorkshire,Content/listingImages/20141010/d64e1528-b5d5-4647-a15e-6bfd5464dbff_thumbcrop.jpg
900 FT,1 BATH,/Listing/Details/864784/18475-Manor,$1000,3 BED,10/24/2014,18475 Manor,Content/listingImages/20141003/f8c3307a-0f57-4987-aa53-177b40210baa_thumbcrop.jpg
"1,300 FT",1.5 BATH,/Listing/Details/865525/5301-Harvard,$1000,3 BED,10/24/2014,5301 Harvard,Content/listingImages/20141003/54bf97a0-b7ef-4bd5-a326-e7f1938bf08c_thumbcrop.jpg
800 FT,1 BATH,/Listing/Details/863535/18461-Mendota,$10100,3 BED,10/23/2014,18461 Mendota,Content/listingImages/20141003/f429607f-db1b-491b-b227-14afc3196a56_thumbcrop.jpg
"1,100 FT",2.5 BATH,/Listing/Details/864443/17041-Chandler-Park,$15200,4 BED,10/23/2014,17041 Chandler Park,Content/listingImages/20141010/a96f70bf-b8d1-4102-84de-e5e24bbd1dd5_thumbcrop.jpg
"1,000 FT",2 BATH,/Listing/Details/860946/17595-Mendota,$10400,3 BED,10/22/2014,17595 Mendota,Content/listingImages/20141003/85af1413-0cb6-488f-8067-24fa9338bea7_thumbcrop.jpg
"1,500 FT",1.1 BATH,/Listing/Details/892765/3611-Three-Mile,$1000,3 BED,10/22/2014,3611 Three Mile,Content/listingImages/20141013/9c6580ba-0d2c-4e77-81a3-810b570f2e3c_thumbcrop.jpg
"1,200 FT",1 BATH,/Listing/Details/858417/8237-Carlin,$1000,3 BED,10/21/2014,8237 Carlin,Content/listingImages/20141003/e227e1d9-f0c2-4861-b358-84ea816115f4_thumbcrop.jpg
"1,400 FT",1 BATH,/Listing/Details/859427/5983-Kensington,$7900,3 BED,10/21/2014,5983 Kensington,Content/listingImages/20141010/cd5f4407-6eb9-4246-9d14-cfc90ff04594_thumbcrop.jpg
"2,100 FT",2 BATH,/Listing/Details/874814/5312-Newport,$1000,3 BED,10/20/2014,5312 Newport,Content/listingImages/20141003/53f16364-f6ce-4d97-9745-c9fbc0499901_thumbcrop.jpg
"2,300 FT",2 BATH,/Listing/Details/876885/836-Navahoe,$1000,6 BED,10/20/2014,836 Navahoe,Content/listingImages/20141003/c9c888d8-9b15-4434-81f9-9954f6cec462_thumbcrop.jpg
"1,200 FT",1.1 BATH,/Listing/Details/877893/233-Marlborough,$1000,3 BED,10/19/2014,233 Marlborough,Content/listingImages/20141003/5d59109e-b8ab-47f0-93ce-584ee35b6da3_thumbcrop.jpg
"1,700 FT",2 BATH,/Listing/Details/875875/1312228-Frankfort,$1000,4 BED,10/19/2014,13122-28 Frankfort,Content/listingImages/20141003/c348fd77-de10-4a49-a6aa-0976a650e4ff_thumbcrop.jpg
800 FT,1 BATH,/Listing/Details/834065/6921-Forrer,$1000,2 BED,10/18/2014,6921 Forrer,Content/listingImages/20140929/22b5220b-616f-4c2b-a3b1-5580d6e55633_thumbcrop.jpg
"1,100 FT",1 BATH,/Listing/Details/839239/6730-Forrer,$1000,4 BED,10/18/2014,6730 Forrer,Content/listingImages/20140929/59b64b56-89d9-47e0-a1b1-3ea003097d94_thumbcrop.jpg
700 FT,1 BATH,/Listing/Details/840147/6607-Montrose,$1000,3 BED,10/17/2014,6607 Montrose,Content/listingImages/20140929/88cce772-2c70-42e7-bad2-54b25f2e3981_thumbcrop.jpg
"1,300 FT",2 BATH,/Listing/Details/843732/6912-Longacre,$14500,3 BED,10/17/2014,6912 Longacre,Content/listingImages/20140929/1740b168-62bd-4a4c-b891-da58acb29e4b_thumbcrop.jpg
800 FT,1.5 BATH,/Listing/Details/844947/6867-Rutland,$1000,3 BED,10/16/2014,6867 Rutland,Content/listingImages/20140929/f554cb60-6def-4d69-9562-264e09049562_thumbcrop.jpg
700 FT,1 BATH,/Listing/Details/837924/6736-Forrer,$4000,3 BED,10/16/2014,6736 Forrer,Content/listingImages/20140929/959029cf-b040-4e4e-b12a-2b6327c87d19_thumbcrop.jpg
800 FT,1 BATH,/Listing/Details/842266/6854-Montrose,$1000,3 BED,10/15/2014,6854 Montrose,Content/listingImages/20140929/a9737d47-e4c9-4181-bc37-ca7b909e2fe6_thumbcrop.jpg
"1,200 FT",2 BATH,/Listing/Details/848918/6826-Forrer,$1000,3 BED,10/15/2014,6826 Forrer,Content/listingImages/20140929/0fe77449-dbb1-4db4-b582-993b842109f4_thumbcrop.jpg
"1,400 FT",2 BATH,/Listing/Details/836861/6869-Forrer,$1600,4 BED,10/14/2014,6869 Forrer,Content/listingImages/20140929/e6756152-8c1b-4c49-8ab9-1349621d6d98_thumbcrop.jpg
"1,200 FT",1 BATH,/Listing/Details/847489/6544-Memorial,$22100,3 BED,10/14/2014,6544 Memorial,Content/listingImages/20140929/5c0d3ec3-86bd-495a-a72d-31831834d2b6_thumbcrop.jpg
700 FT,1 BATH,/Listing/Details/817906/18900-Biltmore,$1000,2 BED,10/13/2014,18900 Biltmore,Content/listingImages/20140925/895899c5-10dc-4126-8996-e62a22501578_thumbcrop.jpg
900 FT,1.5 BATH,/Listing/Details/841307/6735-Winthrop,$5100,3 BED,10/13/2014,6735 Winthrop,Content/listingImages/20140929/661de70d-0da1-4668-aede-d5c5345ac06f_thumbcrop.jpg
800 FT,1 BATH,/Listing/Details/817712/19300-Fairport,$1000,2 BED,10/12/2014,19300 Fairport,Content/listingImages/20140926/185d4028-fa76-4124-b236-ea78a35cc409_thumbcrop.jpg
800 FT,1 BATH,/Listing/Details/817885/18305-Forrer,$1000,2 BED,10/12/2014,18305 Forrer,Content/listingImages/20140929/69cf63bc-2a71-4f8e-a1d7-2356711e7089_thumbcrop.jpg
"1,000 FT",1 BATH,/Listing/Details/817927/19329-Ashton,$1000,3 BED,10/11/2014,19329 Ashton,Content/listingImages/20140925/d8e9ccb6-d613-4c24-8211-b0e61cc3b50f_thumbcrop.jpg
700 FT,1 BATH,/Listing/Details/817947/19000-Huntington,$1000,3 BED,10/11/2014,19000 Huntington,Content/listingImages/20140925/2fddff19-7b5e-4321-a1f3-b1f15b2df4a6_thumbcrop.jpg
"1,300 FT",2 BATH,/Listing/Details/817793/17148-Evergreen,$1000,4 BED,10/10/2014,17148 Evergreen,Content/listingImages/20140925/048d3937-fffd-4e7a-abd6-f06936b200aa_thumbcrop.jpg
800 FT,1 BATH,/Listing/Details/817753/20050-Goulburn,$1000,3 BED,10/10/2014,20050 Goulburn,Content/listingImages/20140929/98b4ef8c-bbcd-4e12-8291-66973019ecb3_thumbcrop.jpg
700 FT,1 BATH,/Listing/Details/817773/20058-Joann,$1100,3 BED,10/09/2014,20058 Joann,Content/listingImages/20140925/e8e7d5cf-411d-4e86-b1a0-013e1836b819_thumbcrop.jpg
800 FT,1 BATH,/Listing/Details/817853/18520-Vaughan,$1000,3 BED,10/09/2014,18520 Vaughan,Content/listingImages/20140925/2bb041f1-97da-4023-8cd0-1ff0875b5af0_thumbcrop.jpg
800 FT,1 BATH,/Listing/Details/817813/18300-Stout,$1000,3 BED,10/08/2014,18300 Stout,Content/listingImages/20140926/9e548ba9-2889-47ea-bbda-799a8cd9e8ac_thumbcrop.jpg
800 FT,1 BATH,/Listing/Details/817733/19621-Goulburn,$1000,3 BED,10/08/2014,19621 Goulburn,Content/listingImages/20140925/594d1585-129b-4c52-99db-b71000b93027_thumbcrop.jpg
700 FT,1 BATH,/Listing/Details/817833/18648-Pembroke,$2800,2 BED,10/07/2014,18648 Pembroke,Content/listingImages/20140925/bbf9f716-c335-47a6-bf5f-762a36bcc7c7_thumbcrop.jpg
"2,600 FT",2 BATH,/Listing/Details/791826/5261-Lakewood,$1400,5 BED,10/07/2014,5261 Lakewood,Content/listingImages/20140910/b693b0a0-af39-4b13-a79a-6446f81c8986_thumbcrop.jpg
900 FT,1 BATH,/Listing/Details/787187/5574-Lakeview,$1500,3 BED,10/06/2014,5574 Lakeview,Content/listingImages/20140910/582abee5-ce4a-4f8e-8db7-d77f22c7b070_thumbcrop.jpg
"1,600 FT",1.1 BATH,/Listing/Details/806898/18631-Roselawn,$19300,3 BED,10/06/2014,18631 Roselawn,Content/listingImages/20140910/4751b60d-f38e-4273-993a-fb05a3ba75ee_thumbcrop.jpg
"1,500 FT",1 BATH,/Listing/Details/789662/5059-Newport,$1000,4 BED,10/05/2014,5059 Newport,Content/listingImages/20140910/a4a83324-229d-4617-b1c9-b1779bb3cb44_thumbcrop.jpg
"1,500 FT",2 BATH,/Listing/Details/795205/5216-Marlborough,$1000,4 BED,10/05/2014,5216 Marlborough,Content/listingImages/20140910/a586aaf5-891c-4985-a489-1c30e2bebd43_thumbcrop.jpg
900 FT,1 BATH,/Listing/Details/794044/5044-Marlborough,$1000,3 BED,10/04/2014,5044 Marlborough,Content/listingImages/20140910/097ce028-aeff-49b4-8483-8218c4446bd8_thumbcrop.jpg
"1,300 FT",1 BATH,/Listing/Details/801870/18509-Prairie,$7500,3 BED,10/04/2014,18509 Prairie,Content/listingImages/20140910/5d4f5bb4-bb4e-4452-b632-e6eb76bce982_thumbcrop.jpg
"1,900 FT",1 BATH,/Listing/Details/808263/18005-Wisconsin,$11100,3 BED,10/03/2014,18005 Wisconsin,Content/listingImages/20140910/b29117ab-8c42-4543-932b-202998d63586_thumbcrop.jpg
800 FT,1 BATH,/Listing/Details/790568/5805-Lakewood,$1000,3 BED,10/03/2014,5805 Lakewood,Content/listingImages/20140910/b1179c11-7068-4ea1-8a4e-4d77f245dd6c_thumbcrop.jpg
800 FT,1 BATH,/Listing/Details/785602/5930-Drexel,$1600,3 BED,10/02/2014,5930 Drexel,Content/listingImages/20140909/4f6722a8-3a2b-4c22-8830-0d94ae0fc369_thumbcrop.jpg
"2,100 FT",2 BATH,/Listing/Details/809731/7042-Thatcher,$15600,5 BED,10/02/2014,7042 Thatcher,Content/listingImages/20140910/eb57574f-4dde-4b5c-a596-6cc925d0c3ae_thumbcrop.jpg
"1,000 FT",2 BATH,/Listing/Details/805175/18220-Ohio,$25000,4 BED,10/01/2014,18220 Ohio,Content/listingImages/20140910/feafa770-9280-495c-99f3-5c824d1eb3c7_thumbcrop.jpg
"1,500 FT",2 BATH,/Listing/Details/783362/5573-Lenox,$1000,4 BED,10/01/2014,5573 Lenox,Content/listingImages/20140909/259335ee-f28a-4efc-95d5-9e2009d4c4b2_thumbcrop.jpg
"1,400 FT",1 BATH,/Listing/Details/800759/18487-Monica,$13900,3 BED,09/30/2014,18487 Monica,Content/listingImages/20140910/1bc49adc-be51-43ce-b6db-163e29d36e04_thumbcrop.jpg
"2,000 FT",2 BATH,/Listing/Details/815250/5782-Lakewood,$1000,3 BED,09/30/2014,5782 Lakewood,Content/listingImages/20140917/1b924f6f-79dc-4be7-9972-266ff6e1eac5_thumbcrop.jpg
"2,100 FT",2 BATH,/Listing/Details/788450/5312-Newport,$1000,3 BED,09/29/2014,5312 Newport,Content/listingImages/20140910/3fc064f1-701a-4256-9c40-f0c5530b28e3_thumbcrop.jpg
"1,300 FT",1 BATH,/Listing/Details/799495/18211-Prairie,$3600,3 BED,09/29/2014,18211 Prairie,Content/listingImages/20140910/9d54e0e5-2aed-49f0-8e05-f2993d1dffbc_thumbcrop.jpg
"1,200 FT",2 BATH,/Listing/Details/792885/5058-Chalmers,$1100,5 BED,09/28/2014,5058 Chalmers,Content/listingImages/20140910/27c9af96-f714-48fb-925e-5498a3ed7b37_thumbcrop.jpg
"1,400 FT",1.1 BATH,/Listing/Details/803401/18403-Santa-Rosa,$2200,3 BED,09/28/2014,18403 Santa Rosa,Content/listingImages/20140910/dfd92c1c-7aeb-44c6-a51f-4c1a4f6630ca_thumbcrop.jpg
"1,300 FT",1 BATH,/Listing/Details/797417/18423-Monica,$3100,3 BED,09/27/2014,18423 Monica,Content/listingImages/20140910/bbbc60a3-69bd-46e7-9e2f-e1815a11bc85_thumbcrop.jpg
"1,000 FT",1 BATH,/Listing/Details/784368/5900-Drexel,$1000,3 BED,09/27/2014,5900 Drexel,Content/listingImages/20140909/4440fd70-0048-4dbb-b029-02c976c3f4bf_thumbcrop.jpg
"1,400 FT",1 BATH,/Listing/Details/796449/18308-Prairie,$1200,3 BED,09/26/2014,18308 Prairie,Content/listingImages/20140910/8ed15c99-c6ab-4d4c-968e-f6662bb3a2e7_thumbcrop.jpg
"3,000 FT",2 BATH,/Listing/Details/766579/2236-Euclid,$1000,6 BED,09/25/2014,2236 Euclid,Content/listingImages/20140828/51ede802-51a9-47ad-bb0f-11251caa1650_thumbcrop.jpg
"1,200 FT",2 BATH,/Listing/Details/767434/15791-Wisconsin,$1000,5 BED,09/25/2014,15791 Wisconsin,Content/listingImages/20140828/d86fa053-9364-4213-8ce8-6601a29afc86_thumbcrop.jpg
700 FT,1 BATH,/Listing/Details/764427/6218-Artesian,$1500,3 BED,09/24/2014,6218 Artesian,Content/listingImages/20140828/31289a45-6514-40ff-a981-637ec6279e81_thumbcrop.jpg
900 FT,1.1 BATH,/Listing/Details/765578/6058-Minock,$1600,3 BED,09/24/2014,6058 Minock,Content/listingImages/20140915/b5fb04c1-eb95-4e38-b6b2-5790b89dcd1c_thumbcrop.jpg
"2,600 FT",2 BATH,/Listing/Details/762869/3741-Tyler,$1000,6 BED,09/23/2014,3741 Tyler,Content/listingImages/20140828/45f391fd-6c51-45c2-98cd-c4e5aec50aa3_thumbcrop.jpg
"1,500 FT",1 BATH,/Listing/Details/763929/1950-Collingwood,$1000,2 BED,09/23/2014,1950 Collingwood,Content/listingImages/20140828/d4569b2f-e857-47f9-9b91-bfc4dac4e185_thumbcrop.jpg
"3,100 FT",2 BATH,/Listing/Details/761808/1915-Calvert,$5300,6 BED,09/22/2014,1915 Calvert,Content/listingImages/20140828/9a07b90e-bfc2-4079-8254-c385e07d205e_thumbcrop.jpg
"3,400 FT",2 BATH,/Listing/Details/771010/1665-Chicago,$9600,5 BED,09/22/2014,1665 Chicago,Content/listingImages/20140916/36e61086-69dd-4a0d-877d-800f765173aa_thumbcrop.jpg
"3,300 FT",5 BATH,/Listing/Details/770562/1635-Chicago,$26200,6 BED,09/21/2014,1635 Chicago,Content/listingImages/20140828/828e9b83-a39b-44c0-bdfd-02a77b37e38a_thumbcrop.jpg
"1,600 FT",1 BATH,/Listing/Details/760697/2228-Collingwood,$1000,3 BED,09/21/2014,2228 Collingwood,Content/listingImages/20140828/e45a79a5-409e-451f-8bff-288e070ba3aa_thumbcrop.jpg
500 FT,1 BATH,/Listing/Details/740005/20499-Grandview,$1000,1 BED,09/20/2014,20499 Grandview,Content/listingImages/20140902/66bdbee8-6b3b-43cf-8860-8911d5e78b16_thumbcrop.jpg
"1,200 FT",1 BATH,/Listing/Details/767982/5746-Burns,$1000,3 BED,09/20/2014,5746 Burns,Content/listingImages/20140828/c4fe2c52-902d-43dd-8fe6-c56657467e2e_thumbcrop.jpg
800 FT,1 BATH,/Listing/Details/739931/18960-Riverview,$1000,3 BED,09/19/2014,18960 Riverview,Content/listingImages/20140828/51ad94c7-b644-4770-b62f-d1fa700f0734_thumbcrop.jpg
"1,400 FT",1 BATH,/Listing/Details/731268/495-Lakewood,$8500,3 BED,09/19/2014,495 Lakewood,Content/listingImages/20140822/b9521b23-1790-4c9f-a21d-03c8e06d5f05_thumbcrop.jpg
"2,300 FT",2 BATH,/Listing/Details/738714/836-Navahoe,$1000,6 BED,09/18/2014,836 Navahoe,Content/listingImages/20140822/b0bad1f9-407d-471f-973d-4d1985d2c0c6_thumbcrop.jpg
"1,200 FT",1 BATH,/Listing/Details/739679/18592-Dale,$1000,3 BED,09/18/2014,18592 Dale,Content/listingImages/20140828/231abc0e-92b7-4a31-9da8-d27492c8354d_thumbcrop.jpg
"2,200 FT",2 BATH,/Listing/Details/736859/295-Newport-14140-Korte,$3600,6 BED,09/17/2014,295 Newport - 14140 Korte,Content/listingImages/20140902/6ab554bb-98ea-4b74-bf5a-06b3ef31eee4_thumbcrop.jpg
"1,000 FT",1 BATH,/Listing/Details/737759/680-Algonquin,$1000,2 BED,09/17/2014,680 Algonquin,Content/listingImages/20140916/82d8ba57-5968-4885-bca9-10549772e6e8_thumbcrop.jpg
"2,000 FT",1.1 BATH,/Listing/Details/736148/188-Lenox,$18100,4 BED,09/16/2014,188 Lenox,Content/listingImages/20140822/d912b79d-13b2-4ed0-9a51-1cbe0e46f188_thumbcrop.jpg
"1,000 FT",1 BATH,/Listing/Details/739295/18304-Grayfield,$1000,1 BED,09/16/2014,18304  Grayfield,Content/listingImages/20140916/2d6e5cce-e1b1-4ff0-b316-a0dd07bd9ba4_thumbcrop.jpg
"3,000 FT",2 BATH,/Listing/Details/730412/394-Piper,$36500,6 BED,09/15/2014,394  Piper,Content/listingImages/20140902/4fe4fdcc-63f6-4d28-8d08-93d041be4753_thumbcrop.jpg
"1,400 FT",1 BATH,/Listing/Details/732754/434-Lakewood,$1200,3 BED,09/14/2014,434 Lakewood,Content/listingImages/20140822/ed2b6581-796b-4040-94ff-1d6d44fc4d12_thumbcrop.jpg
"1,200 FT",2 BATH,/Listing/Details/739757/18902-Riverview,$1000,1 BED,09/14/2014,18902 Riverview,Content/listingImages/20140828/c250a580-e652-43d8-ad56-82dd8c6a9456_thumbcrop.jpg
"1,500 FT",1 BATH,/Listing/Details/734833/326-Newport,$1000,4 BED,09/13/2014,326 Newport,Content/listingImages/20140822/2e6d5eff-81ad-4361-9fb5-cecdff8de7ba_thumbcrop.jpg
"1,200 FT",1.1 BATH,/Listing/Details/777585/233-Marlborough,$1000,3 BED,09/13/2014,233 Marlborough,Content/listingImages/20140909/8a0bea44-6477-490a-bcca-1e87b483cce8_thumbcrop.jpg
"1,000 FT",1 BATH,/Listing/Details/726814/317-Eastlawn,$1000,4 BED,09/12/2014,317 Eastlawn,Content/listingImages/20140911/286ab2be-e183-45e2-9fa2-0da3b0ec4202_thumbcrop.jpg
"3,500 FT",1.1 BATH,/Listing/Details/728689/681-Lakewood,$5000,3 BED,09/12/2014,681 Lakewood,Content/listingImages/20140822/58b03dd4-986c-4cb2-a6a1-d20bd092f78e_thumbcrop.jpg
"1,000 FT",1 BATH,/Listing/Details/718938/3386-Annabelle,$1000,3 BED,09/11/2014,3386 Annabelle,Content/listingImages/20140820/9a5eb3cc-0528-42b2-abcc-c4ff43acbdbd_thumbcrop.jpg
"1,300 FT",2 BATH,/Listing/Details/722477/1089-Beatrice,$1000,4 BED,09/11/2014,1089 Beatrice,Content/listingImages/20140820/25a4d19e-a24b-454b-878c-797ed47f2663_thumbcrop.jpg
800 FT,1 BATH,/Listing/Details/724167/2674-Edsel,$1000,2 BED,09/10/2014,2674 Edsel,Content/listingImages/20140820/731161ba-bb7d-442f-8857-f312c183cb69_thumbcrop.jpg
"1,000 FT",1 BATH,/Listing/Details/717528/12825-Downing,$1000,3 BED,09/10/2014,12825 Downing,Content/listingImages/20140820/d969976d-fcae-417b-a228-c3f3ebf69f90_thumbcrop.jpg
700 FT,1 BATH,/Listing/Details/712886/2725-S-Deacon,$1000,3 BED,09/09/2014,2725 S Deacon,Content/listingImages/20140820/3546f95c-e270-426a-8a0b-0e4efaafc2ae_thumbcrop.jpg
"1,100 FT",1 BATH,/Listing/Details/714426/4959-Gateshead,$6500,3 BED,09/09/2014,4959 Gateshead,Content/listingImages/20140820/b510f066-0124-44b4-a6e7-de1c0fde40cc_thumbcrop.jpg
500 FT,1 BATH,/Listing/Details/712189/5008-Ashley,$5400,3 BED,09/08/2014,5008 Ashley,Content/listingImages/20140828/3f61872b-a685-4115-ac44-cac605a46eca_thumbcrop.jpg
800 FT,1 BATH,/Listing/Details/713641/2250-Edsel,$1000,3 BED,09/08/2014,2250 Edsel,Content/listingImages/20140820/05a57a8b-f82f-4637-b07b-486c1bf42aae_thumbcrop.jpg
900 FT,2 BATH,/Listing/Details/710833/1064-Bassett,$1000,4 BED,09/07/2014,1064 Bassett,Content/listingImages/20140820/334c8e29-465b-4517-81de-2f2dd58a0e61_thumbcrop.jpg
600 FT,1.1 BATH,/Listing/Details/711434/5241-Ashley,$3200,2 BED,09/07/2014,5241 Ashley,Content/listingImages/20140820/6ffb2704-f653-45e9-a24a-0554c2a2974f_thumbcrop.jpg
700 FT,1 BATH,/Listing/Details/709723/2647-S-Deacon,$1000,2 BED,09/06/2014,2647 S Deacon,Content/listingImages/20140820/221afba9-85fd-46b3-930b-eb0e57551aa9_thumbcrop.jpg
700 FT,1 BATH,/Listing/Details/717846/5267-Ashley,$1000,2 BED,09/06/2014,5267 Ashley,Content/listingImages/20140828/0514bf4a-11ae-4f60-a5c8-d17d4c78ad58_thumbcrop.jpg
800 FT,1 BATH,/Listing/Details/705973/2969-Edsel,$1000,2 BED,09/05/2014,2969 Edsel,Content/listingImages/20140819/bb89c8ff-3fd7-49fa-aa84-b90a33e7009c_thumbcrop.jpg
"1,300 FT",1.1 BATH,/Listing/Details/707543/18813-Chandler-Park,$6800,3 BED,09/05/2014,18813 Chandler Park,Content/listingImages/20140819/a2e404eb-b751-441a-9b68-a4e4fd7f507f_thumbcrop.jpg
"1,100 FT",1 BATH,/Listing/Details/703924/3233-Ethel,$1000,3 BED,09/04/2014,3233 Ethel,Content/listingImages/20140819/05d7cdf3-5bb9-4c38-954a-5da8e304b8a2_thumbcrop.jpg
800 FT,1 BATH,/Listing/Details/714092/5515-Gateshead,$1000,2 BED,09/04/2014,5515 Gateshead,Content/listingImages/20140820/68c435f0-db64-4857-bb48-f45271c5dafa_thumbcrop.jpg
800 FT,1 BATH,/Listing/Details/702970/5500-Ashley,$6900,2 BED,09/03/2014,5500 Ashley,Content/listingImages/20140819/683263b4-c90b-4dcd-84ce-a3428576a6fb_thumbcrop.jpg
800 FT,1 BATH,/Listing/Details/717771/21771-Moross,$1000,3 BED,09/03/2014,21771 Moross,Content/listingImages/20140820/3e0c9957-38a6-43fa-b991-56d1ef2baa68_thumbcrop.jpg
"1,600 FT",1 BATH,/Listing/Details/678734/3289-Glendale,$1000,3 BED,09/02/2014,3289 Glendale,Content/listingImages/20140814/7422c9a7-f898-438e-9cf1-a2c5572a8270_thumbcrop.jpg
"1,600 FT",1 BATH,/Listing/Details/679165/3275-Collingwood,$1100,4 BED,09/02/2014,3275 Collingwood,Content/listingImages/20140814/1380b4c7-b8d9-4588-960f-5264b081ff45_thumbcrop.jpg
5 FT,5 BATH,/Listing/Details/724762/Happy-Labor-Day-Weekend,$1,5 BED,09/01/2014,Happy Labor Day Weekend,Content/listingImages/20140821/fdadab9a-2616-44f5-9dc6-b1e79b9361ee_thumbcrop.jpg
5 FT,5 BATH,/Listing/Details/724741/Happy-Labor-Day-Weekend,$1,5 BED,08/31/2014,Happy Labor Day Weekend,Content/listingImages/20140821/c9ad2e07-7041-425a-8a83-4388a65cc233_thumbcrop.jpg
5 FT,5 BATH,/Listing/Details/704125/Happy-Labor-Day-Weekend,$1,5 BED,08/30/2014,Happy Labor Day Weekend,Content/listingImages/20140819/1a0f66e3-2339-4049-a3f3-ae7850b32adc_thumbcrop.jpg
"1,400 FT",2 BATH,/Listing/Details/680417/5842-Amherst,$1000,4 BED,08/29/2014,5842 Amherst,Content/listingImages/20140826/653ab415-916a-4a68-966d-fcf980a96416_thumbcrop.jpg
"2,400 FT",1.1 BATH,/Listing/Details/680583/3219-Glendale,$1000,5 BED,08/29/2014,3219 Glendale,Content/listingImages/20140814/16d3e06d-3c22-454b-ac0f-f7d8f1884e4a_thumbcrop.jpg
800 FT,1 BATH,/Listing/Details/683155/7248-Logan,$1000,2 BED,08/28/2014,7248 Logan,Content/listingImages/20140814/35300d2c-63f2-4912-a2f9-2d5ff8c5fe5c_thumbcrop.jpg
900 FT,1 BATH,/Listing/Details/683638/2999-Leslie,$1000,3 BED,08/28/2014,2999 Leslie,Content/listingImages/20140814/fd6b71fc-3627-4ffb-8192-b4690a435351_thumbcrop.jpg
"2,600 FT",2 BATH,/Listing/Details/685848/2990-Fullerton,$1000,4 BED,08/27/2014,2990 Fullerton,Content/listingImages/20140814/910a2a1c-39ca-4353-8f75-90420c007772_thumbcrop.jpg
"1,300 FT",1 BATH,/Listing/Details/687256/7808-Senator,$1000,3 BED,08/27/2014,7808 Senator,Content/listingImages/20140826/8e5653b1-cacd-441c-90de-335e466b27ed_thumbcrop.jpg
"1,900 FT",1.1 BATH,/Listing/Details/687994/2974-Collingwood,$1000,4 BED,08/26/2014,2974 Collingwood,Content/listingImages/20140814/3378f328-b910-4428-8cc6-5e403cfcb7d5_thumbcrop.jpg
"1,300 FT",1.1 BATH,/Listing/Details/690311/1205-Hubbard,$27100,4 BED,08/26/2014,1205 Hubbard,Content/listingImages/20140814/2383cb1c-fe04-43a5-be68-8810b2fda299_thumbcrop.jpg
"2,800 FT",2 BATH,/Listing/Details/691269/2957-Leslie,$1600,6 BED,08/25/2014,2957 Leslie,Content/listingImages/20140814/10fb149d-a3e0-43c9-936c-879690a97343_thumbcrop.jpg
"2,400 FT",2 BATH,/Listing/Details/693652/17184-Warrington,$9900,6 BED,08/25/2014,17184 Warrington,Content/listingImages/20140814/c38d918d-dded-478f-99c6-345076eb2499_thumbcrop.jpg
"1,600 FT",1 BATH,/Listing/Details/694763/2745-Collingwood,$1000,4 BED,08/24/2014,2745 Collingwood,Content/listingImages/20140814/353ad475-dcbe-40cb-9c91-6c37611c1043_thumbcrop.jpg
"2,600 FT",2 BATH,/Listing/Details/697481/17575-Stoepel,$7500,4 BED,08/24/2014,17575 Stoepel,Content/listingImages/20140814/ca4fd5bf-5a89-40f4-a5a0-df92018c3f9f_thumbcrop.jpg
"3,200 FT",2.1 BATH,/Listing/Details/701180/17189-Wisconsin,$6100,4 BED,08/23/2014,17189 Wisconsin,Content/listingImages/20140814/22115f5c-79c6-460b-8bcc-ed26a603e29a_thumbcrop.jpg
"1,500 FT",1.1 BATH,/Listing/Details/695650/2744-Burlingame,$1000,3 BED,08/23/2014,2744 Burlingame,Content/listingImages/20140814/eba7dad9-f43e-40cf-aaa0-e4c7b3c3675f_thumbcrop.jpg
"2,600 FT",2 BATH,/Listing/Details/697061/2475-Calvert,$1000,6 BED,08/22/2014,2475 Calvert,Content/listingImages/20140814/7cfedeae-1c85-40b7-a9f7-55a851185852_thumbcrop.jpg
"2,400 FT",2.1 BATH,/Listing/Details/701220/17134-Pennington,$7000,5 BED,08/22/2014,17134 Pennington,Content/listingImages/20140814/9e16fd4f-d39b-4c77-88c9-4725028980fb_thumbcrop.jpg
"2,100 FT",2.1 BATH,/Listing/Details/697085/17190-Santa-Barbara,$2800,5 BED,08/21/2014,17190 Santa Barbara,Content/listingImages/20140814/cfa087ae-7a2f-43d6-b276-02153fb60c3e_thumbcrop.jpg
"1,600 FT",1 BATH,/Listing/Details/680441/2228-Collingwood,$1000,3 BED,08/21/2014,2228 Collingwood,Content/listingImages/20140814/4283a449-3e69-4288-b8ea-97f1028d7888_thumbcrop.jpg
"1,500 FT",1 BATH,/Listing/Details/694794/1950-Collingwood,$1000,2 BED,08/20/2014,1950 Collingwood,Content/listingImages/20140814/d166ecb2-632e-47a2-a9f3-0c7d8f76d9d7_thumbcrop.jpg
"1,400 FT",1 BATH,/Listing/Details/690271/6535-London,$28100,3 BED,08/20/2014,6535 London,Content/listingImages/20140814/c2a8e4e8-9a72-4400-a512-30f8715ee5d0_thumbcrop.jpg
"3,100 FT",2 BATH,/Listing/Details/683192/1915-Calvert,$1000,6 BED,08/19/2014,1915 Calvert,Content/listingImages/20140814/89edbcab-778c-444b-adee-2b3042d7918f_thumbcrop.jpg
"1,400 FT",1.1 BATH,/Listing/Details/678490/18114-Ohio,$1000,3 BED,08/19/2014,18114 Ohio,Content/listingImages/20140814/edabe9d0-fea8-43c3-b208-9055d16896ce_thumbcrop.jpg
"3,100 FT",2.1 BATH,/Listing/Details/676869/1903-Calvert,$1000,6 BED,08/18/2014,1903 Calvert,Content/listingImages/20140814/f1ea9a7a-1a93-44d3-859b-cfd3a82cfa25_thumbcrop.jpg
"2,400 FT",2 BATH,/Listing/Details/664221/4332-Waverly,$1000,6 BED,08/18/2014,4332 Waverly,Content/listingImages/20140802/5254ec97-d22e-4bed-a7ba-21882ec7cd40_thumbcrop.jpg
"2,600 FT",2 BATH,/Listing/Details/665024/3817-Tyler,$1000,6 BED,08/17/2014,3817 Tyler,Content/listingImages/20140802/63df689b-d841-4083-bc57-6094aaff312a_thumbcrop.jpg
"2,600 FT",2 BATH,/Listing/Details/666843/3741-Tyler,$1000,6 BED,08/17/2014,3741 Tyler,Content/listingImages/20140802/8444bad2-1ea7-4893-b92c-120801b9b7f6_thumbcrop.jpg
"2,100 FT",2 BATH,/Listing/Details/668005/4322-Waverly,$1000,6 BED,08/16/2014,4322 Waverly,Content/listingImages/20140802/2a2eb13e-0acb-49b5-9c99-71e8cda48447_thumbcrop.jpg
"2,400 FT",2 BATH,/Listing/Details/654099/1710-Hazelwood,$1000,4 BED,08/16/2014,1710 Hazelwood,Content/listingImages/20140802/e0d7a0d4-b6f1-45bf-9705-0c180a07d7bb_thumbcrop.jpg
"3,300 FT",3 BATH,/Listing/Details/661407/2258-W-Euclid,$1200,6 BED,08/15/2014,2258 W. Euclid,Content/listingImages/20140802/4e353aa0-d208-449f-93d1-7f76b20a041d_thumbcrop.jpg
"2,700 FT",2 BATH,/Listing/Details/662059/2283-Clairmount,$1000,6 BED,08/15/2014,2283 Clairmount,Content/listingImages/20140802/5be07c0f-0203-434e-afda-e6f214e7b862_thumbcrop.jpg
"4,100 FT",2 BATH,/Listing/Details/658635/2448-Blaine,$1000,6 BED,08/14/2014,2448 Blaine,Content/listingImages/20140802/80a5145a-5bab-4afd-8925-cf118d6a957c_thumbcrop.jpg
"3,300 FT",2 BATH,/Listing/Details/659738/2507-W-Philadelphia,$1200,6 BED,08/14/2014,2507 W. Philadelphia,Content/listingImages/20140802/5ea49704-7e74-4181-84b0-5fb33b8d5dac_thumbcrop.jpg
"2,400 FT",2 BATH,/Listing/Details/657084/2284-W-Philadelphia,$1000,4 BED,08/13/2014,2284 W. Philadelphia,Content/listingImages/20140802/ce3c262e-0fff-4cbb-93d1-8ef6a53dd974_thumbcrop.jpg
"2,600 FT",2 BATH,/Listing/Details/657836/2293-Pingree,$1000,4 BED,08/13/2014,2293 Pingree,Content/listingImages/20140802/4004afea-f6dd-4a9b-9429-2621f3f91ed7_thumbcrop.jpg
"3,000 FT",2 BATH,/Listing/Details/655410/2236-W-Euclid,$1000,6 BED,08/12/2014,2236 W. Euclid,Content/listingImages/20140802/5a678170-5797-4f48-b816-5816802569cc_thumbcrop.jpg
"2,200 FT",2 BATH,/Listing/Details/663263/1493-W-Euclid,$5100,6 BED,08/12/2014,1493 W. Euclid,Content/listingImages/20140802/b2350c83-5001-4151-902b-1378de0341b2_thumbcrop.jpg
"1,400 FT",1 BATH,/Listing/Details/642935/5737-Yorkshire,$9200,3 BED,08/11/2014,5737 Yorkshire,Content/listingImages/20140725/3dc8c74c-f303-415c-84c6-5b2bf8bb75bf_thumbcrop.jpg
"1,000 FT",1.1 BATH,/Listing/Details/652350/5799-Bishop,$14300,3 BED,08/11/2014,5799 Bishop,Content/listingImages/20140802/3ed054b3-e4e2-485f-8c5a-c1ba6ddc7fba_thumbcrop.jpg
800 FT,1 BATH,/Listing/Details/637781/5525-Cadieux,$4200,2 BED,08/10/2014,5525 Cadieux,Content/listingImages/20140725/ec289b7b-e1b0-48be-9f4d-de6a61c64b84_thumbcrop.jpg
"2,500 FT",2 BATH,/Listing/Details/639092/5903-Kensington,$5800,4 BED,08/10/2014,5903 Kensington,Content/listingImages/20140725/08633ab9-e2d0-4685-b4f5-f0ea39ffe904_thumbcrop.jpg
800 FT,1 BATH,/Listing/Details/635869/4129-Cadieux,$14100,3 BED,08/09/2014,4129 Cadieux,Content/listingImages/20140725/f95a6fe5-865f-4b9a-8c91-21a209954283_thumbcrop.jpg
900 FT,1 BATH,/Listing/Details/636925/5249-Cadieux,$4000,2 BED,08/09/2014,5249 Cadieux,Content/listingImages/20140725/eaa01ac9-07b7-47a9-ab5f-4620b20a5c52_thumbcrop.jpg
"1,500 FT",1 BATH,/Listing/Details/633248/3964-Yorkshire,$18500,3 BED,08/08/2014,3964 Yorkshire,Content/listingImages/20140725/18976727-31c5-4c44-a1c8-b9c2c0db1c59_thumbcrop.jpg
"1,400 FT",1 BATH,/Listing/Details/634050/3555-Grayton,$19200,2 BED,08/08/2014,3555 Grayton,Content/listingImages/20140725/e138127c-9a1d-4aab-a634-1d554fa3310d_thumbcrop.jpg
"1,300 FT",1.1 BATH,/Listing/Details/631283/5565-Yorkshire,$7400,3 BED,08/07/2014,5565 Yorkshire,Content/listingImages/20140725/172049be-77d3-4e8f-baa2-2104da8d4bec_thumbcrop.jpg
"1,300 FT",1.1 BATH,/Listing/Details/632241/12293-E-Outer-Drive,$35100,3 BED,08/07/2014,12293 E. Outer Drive,Content/listingImages/20140725/8476ff28-7c1d-430e-b22b-d7e58cf75c16_thumbcrop.jpg
"2,200 FT",2.1 BATH,/Listing/Details/629477/12791-E-Outer-Drive,$28600,3 BED,08/06/2014,12791 E. Outer Drive,Content/listingImages/20140725/e7168c03-6c16-4a3e-9959-3275bd53ff3c_thumbcrop.jpg
"2,300 FT",2 BATH,/Listing/Details/630180/5919-Yorkshire,$12400,4 BED,08/06/2014,5919 Yorkshire,Content/listingImages/20140725/2ce2f22d-f02d-4ead-a4e8-1bb328d9ab51_thumbcrop.jpg
"1,300 FT",1.1 BATH,/Listing/Details/627567/5760-Yorkshire,$32100,3 BED,08/05/2014,5760 Yorkshire,Content/listingImages/20140725/87f428d2-dbc4-47b9-89b0-76e42567bda8_thumbcrop.jpg
"1,100 FT",1.1 BATH,/Listing/Details/628372/5226-Harvard,$22400,2 BED,08/05/2014,5226 Harvard,Content/listingImages/20140725/50669fc2-0c67-43bb-8563-a7bd6ca60f88_thumbcrop.jpg
"3,100 FT",2.1 BATH,/Listing/Details/626126/1725-W-Boston,$73100,4 BED,08/04/2014,1725 W. Boston,Content/listingImages/20140725/da3d0d69-361a-478a-8032-637f6b2f10c0_thumbcrop.jpg
"2,300 FT",2.1 BATH,/Listing/Details/626523/2264-Longfellow,$29100,4 BED,08/04/2014,2264 Longfellow,Content/listingImages/20140725/5f9fc2b7-48b1-428a-a42b-0a783e0b3b59_thumbcrop.jpg
"4,200 FT",3.1 BATH,/Listing/Details/623143/1940-Chicago,$30200,4 BED,08/03/2014,1940 Chicago,Content/listingImages/20140725/1ad3dc01-a394-4b9d-af9a-65e003f6a032_thumbcrop.jpg
"3,000 FT",2.1 BATH,/Listing/Details/624252/1630-Edison,$13300,4 BED,08/03/2014,1630 Edison,Content/listingImages/20140725/9c75d8b9-b434-414d-adb6-662891f44463_thumbcrop.jpg
"3,800 FT",2.2 BATH,/Listing/Details/578363/2525-W-Boston,$36500,4 BED,08/02/2014,2525 W. Boston,Content/listingImages/20140710/659917f9-dc63-4638-b33f-694bfe606505_thumbcrop.jpg
"2,000 FT",2 BATH,/Listing/Details/575044/1613-Edison,$11000,3 BED,08/01/2014,1613 Edison,Content/listingImages/20140710/67297033-63ef-4a0a-86d9-8f73d7ff0d99_thumbcrop.jpg
"2,200 FT",3 BATH,/Listing/Details/562579/2230-Atkinson,$13500,4 BED,08/01/2014,2230 Atkinson,Content/listingImages/20140710/b29ff7c8-2783-4c6d-be00-b0391d1c3570_thumbcrop.jpg
"3,200 FT",3.1 BATH,/Listing/Details/580789/1925-Longfellow,$52400,5 BED,07/31/2014,1925 Longfellow,Content/listingImages/20140710/3fd88028-2f23-43b9-9347-bb979e984b45_thumbcrop.jpg
"2,300 FT",1 BATH,/Listing/Details/568524/1920-Atkinson,$1500,5 BED,07/30/2014,1920 Atkinson,Content/listingImages/20140710/170ec66b-b519-4493-a652-e48110efe9be_thumbcrop.jpg
"3,100 FT",3 BATH,/Listing/Details/570247/1405-Chicago,$45100,6 BED,07/30/2014,1405 Chicago,Content/listingImages/20140710/12ac5e86-60ac-437b-bf2e-1868bb7bc327_thumbcrop.jpg
"3,000 FT",3.1 BATH,/Listing/Details/573384/1615-Chicago,$26000,4 BED,07/29/2014,1615 Chicago,Content/listingImages/20140715/70267e0c-7fea-47bc-b478-2ea075c180aa_thumbcrop.jpg
"2,900 FT",2 BATH,/Listing/Details/566444/1715-Atkinson,$1800,6 BED,07/29/2014,1715 Atkinson,Content/listingImages/20140715/8fe4c93d-9135-4ada-b70f-f6a1bfcd3ccd_thumbcrop.jpg
700 FT,1 BATH,/Listing/Details/617360/6013-Faust,$4800,2 BED,07/28/2014,6013 Faust,Content/listingImages/20140718/9b16e05f-1b1e-4f9f-9d7d-0b369271c6b3_thumbcrop.jpg
700 FT,1 BATH,/Listing/Details/617855/6218-Artesian,$1000,3 BED,07/28/2014,6218 Artesian,Content/listingImages/20140718/bce576d8-266a-4f0a-96d0-3efb8b477537_thumbcrop.jpg
"1,800 FT",2 BATH,/Listing/Details/607871/16531-Cherrylawn,$16600,3 BED,07/27/2014,16531 Cherrylawn,Content/listingImages/20140715/3dd91f16-af3d-4d43-9ddb-edda96b30500_thumbcrop.jpg
"2,000 FT",1.1 BATH,/Listing/Details/602978/16530-Ohio,$52100,4 BED,07/26/2014,16530 Ohio,Content/listingImages/20140715/1c91ff2c-6e78-4568-880a-775db6244d83_thumbcrop.jpg
"1,200 FT",1 BATH,/Listing/Details/603783/16531-Ohio,$8100,3 BED,07/26/2014,16531 Ohio,Content/listingImages/20140715/ea58e14e-3746-4d7b-b616-8bc615cd54c8_thumbcrop.jpg
"1,400 FT",1.1 BATH,/Listing/Details/605577/16239-Roselawn,$11100,3 BED,07/25/2014,16239 Roselawn,Content/listingImages/20140715/c3c7196e-6e60-4262-9d44-b60c8d7e55b1_thumbcrop.jpg
"1,400 FT",1.1 BATH,/Listing/Details/601320/16245-Ohio,$30100,3 BED,07/25/2014,16245 Ohio,Content/listingImages/20140715/de39d561-cf3e-4627-8b6b-0d1c4724e90a_thumbcrop.jpg
"1,300 FT",2 BATH,/Listing/Details/606178/16224-Roselawn,$1000,3 BED,07/24/2014,16224 Roselawn,Content/listingImages/20140715/62e60bd4-e6b9-43b3-b48b-618b7a1e7a98_thumbcrop.jpg
"1,000 FT",1 BATH,/Listing/Details/599710/5645-Brace,$17900,3 BED,07/23/2014,5645 Brace,Content/listingImages/20140711/c5deaf5b-0248-44af-86eb-17d0a64d3b19_thumbcrop.jpg
950 FT,1 BATH,/Listing/Details/616506/6206-Artesian,$1000,2 BED,07/23/2014,6206 Artesian,Content/listingImages/20140718/1307fd60-e256-4fe0-913a-9d882fa67a97_thumbcrop.jpg
700 FT,1 BATH,/Listing/Details/600505/5770-Stahelin,$1000,2 BED,07/22/2014,5770 Stahelin,Content/listingImages/20140711/6a311c7b-a685-492f-a472-9fbd0a4ba301_thumbcrop.jpg
900 FT,1.1 BATH,/Listing/Details/590239/6058-Minock,$1000,3 BED,07/22/2014,6058 Minock,Content/listingImages/20140710/e2c59a8b-00e3-44cd-8fe1-de5f87df5c59_thumbcrop.jpg
700 FT,1 BATH,/Listing/Details/589133/6234-Westwood,$5600,3 BED,07/21/2014,6234 Westwood,Content/listingImages/20140710/8798c85f-be00-4dde-af76-977fecd41ad1_thumbcrop.jpg
"1,000 FT",1 BATH,/Listing/Details/597750/16737-Trinity,$1000,2 BED,07/21/2014,16737 Trinity,Content/listingImages/20140715/b0a3fe20-3da8-420d-a203-334a8b2e78c7_thumbcrop.jpg
,,/Listing/Details/611753/Site-Maintenance,$1,,07/20/2014,Site Maintenance,Content/listingImages/20140712/2dede0e2-6d58-429d-bf2f-275e939682dc_thumbcrop.jpg
,,/Listing/Details/611681/Site-Maintenance,$1,,07/19/2014,Site Maintenance,Content/listingImages/20140712/e2ae28bd-b2f5-4b68-bf1a-f56722c733d2_thumbcrop.jpg
,,/Listing/Details/611558/Site-Maintenance,$1,,07/18/2014,Site Maintenance,Content/listingImages/20140712/88deb39f-c46b-4088-a3e1-263819a0fc64_thumbcrop.jpg
800 FT,1 BATH,/Listing/Details/588073/6244-Piedmont,$3100,2 BED,07/17/2014,6244 Piedmont,Content/listingImages/20140710/2cbec7cb-6e41-445d-80b1-e69f46fa55ad_thumbcrop.jpg
"1,000 FT",2 BATH,/Listing/Details/594856/16535-Blackstone,$5000,3 BED,07/17/2014,16535 Blackstone,Content/listingImages/20140710/dfe664b8-0804-4518-b2b1-92ab36823ea4_thumbcrop.jpg
600 FT,1.1 BATH,/Listing/Details/599169/6008-Auburn,$4600,2 BED,07/16/2014,6008 Auburn,Content/listingImages/20140711/8b7e8b87-166b-49e4-b7d0-f94c4c020505_thumbcrop.jpg
850 FT,1 BATH,/Listing/Details/591348/16544-Burt,$1000,2 BED,07/16/2014,16544 Burt,Content/listingImages/20140710/0033c98a-e258-4523-adeb-e86a871b1a9f_thumbcrop.jpg
700 FT,1 BATH,/Listing/Details/598473/6013-Faust,$1000,2 BED,07/15/2014,6013 Faust,Content/listingImages/20140715/daeaaf75-26bf-482d-932f-3837d2543a54_thumbcrop.jpg
700 FT,1 BATH,/Listing/Details/583025/6218-Artesian,$1000,3 BED,07/15/2014,6218 Artesian,Content/listingImages/20140710/66d755ed-6b90-47d3-b338-d85847b0ff91_thumbcrop.jpg
950 FT,1 BATH,/Listing/Details/585202/6206-Artesian,$1000,2 BED,07/14/2014,6206 Artesian,Content/listingImages/20140710/ad3fa34c-2496-4e17-869e-38fbe9da3d55_thumbcrop.jpg
"2,500 FT",2.1 BATH,/Listing/Details/556654/9530-St-Marys,$11600,4 BED,07/14/2014,9530 St. Maryâ€™s,Content/listingImages/20140703/2e56d428-50ea-4efa-b427-6554894c6abd_thumbcrop.jpg
700 FT,1 BATH,/Listing/Details/593168/16124-Westbrook,$5100,2 BED,07/13/2014,16124 Westbrook,Content/listingImages/20140710/cb278fd9-90d7-4fe8-8a86-6cebbe3471d4_thumbcrop.jpg
"1,000 FT",1 BATH,/Listing/Details/593409/16603-Blackstone,$2800,3 BED,07/13/2014,16603 Blackstone,Content/listingImages/20140710/f8259b01-5945-4539-82ec-18754c9fc0b6_thumbcrop.jpg
"1,200 FT",2 BATH,/Listing/Details/582239/15791-Wisconsin,$1000,5 BED,07/12/2014,15791 Wisconsin,Content/listingImages/20140710/f50116e9-1c1c-452d-a875-2cdcb3e45c89_thumbcrop.jpg
"1,200 FT",1.1 BATH,/Listing/Details/549565/20102-Regent-Drive,$1100,3 BED,07/11/2014,20102 Regent Drive,Content/listingImages/20140703/4ab465fe-fe2f-49b5-8264-9f1a90c94fde_thumbcrop.jpg
"2,800 FT",2.1 BATH,/Listing/Details/551900/5096-Burns,$2100,4 BED,07/11/2014,5096 Burns,Content/listingImages/20140703/17086f42-1d23-427b-ab8b-63acfbce2b38_thumbcrop.jpg
900 FT,1 BATH,/Listing/Details/581544/2697-Ethel,$1000,3 BED,07/10/2014,2697 Ethel,Content/listingImages/20140710/7a9aa4c1-6f42-4728-976b-ddd01af99379_thumbcrop.jpg
"5,400 FT",4 BATH,/Listing/Details/559386/1704-Infantry,$1200,8 BED,07/10/2014,1704 Infantry,Content/listingImages/20140703/1cc5dc4d-103c-463e-874a-ad14885837af_thumbcrop.jpg
"2,000 FT",2 BATH,/Listing/Details/532534/7087-W-Lafayette,$13100,4 BED,07/09/2014,7087 W. Lafayette,Content/listingImages/20140626/57ca81f8-89d0-4bd3-89b2-cbef785d77f5_thumbcrop.jpg
800 FT,1 BATH,/Listing/Details/534461/15863-Fairfield,$1000,2 BED,07/09/2014,15863 Fairfield,Content/listingImages/20140626/1082161a-b159-4303-8cd3-f5a41a9ac303_thumbcrop.jpg
"2,000 FT",2 BATH,/Listing/Details/530356/15887-Turner,$1500,4 BED,07/07/2014,15887 Turner,Content/listingImages/20140626/fde736c9-120a-497d-b4b1-b4313f5dcbb5_thumbcrop.jpg
"1,000 FT",1 BATH,/Listing/Details/526107/16214-Manning,$1100,3 BED,07/07/2014,16214 Manning,Content/listingImages/20140626/7e06ba36-91b0-48f2-b99a-ab45bc9779d6_thumbcrop.jpg
,,/Listing/Details/539310/Happy-Fourth-of-July,$1,,07/06/2014,Happy Fourth of July!,Content/listingImages/20140628/bb276e80-e02a-4a28-be0b-726f63750171_thumbcrop.jpg
,,/Listing/Details/539239/Happy-Fourth-of-July,$1,,07/05/2014,Happy Fourth of July!,Content/listingImages/20140628/328e028a-5036-4dec-8878-68e7f65d0b77_thumbcrop.jpg
,,/Listing/Details/539168/Happy-Fourth-of-July,$1,,07/04/2014,Happy Fourth of July!,Content/listingImages/20140628/bc2770fc-1e20-412f-b5eb-736b958acaa8_thumbcrop.jpg
"1,300 FT",1 BATH,/Listing/Details/527116/15479-Indiana,$1000,3 BED,07/03/2014,15479 Indiana,Content/listingImages/20140626/70f5468e-97cb-4c87-bb3a-5b25d3d81b36_thumbcrop.jpg
"1,200 FT",1 BATH,/Listing/Details/521136/18401-Teppert,$1000,3 BED,07/03/2014,18401 Teppert,Content/listingImages/20140625/db5dbd94-8dbf-46a8-b5f5-f1d0daaade65_thumbcrop.jpg
900 FT,2 BATH,/Listing/Details/528888/19445-Yonka,$6700,3 BED,07/02/2014,19445 Yonka,Content/listingImages/20140626/b8934010-54f5-45ed-91ae-576394d05d74_thumbcrop.jpg
700 FT,1 BATH,/Listing/Details/519618/17202-Detroit,$2400,2 BED,07/02/2014,17202 Detroit,Content/listingImages/20140625/818c76a6-4559-4672-bd6f-cbc8df187d4a_thumbcrop.jpg
800 FT,1 BATH,/Listing/Details/517381/17142-Detroit,$1000,2 BED,07/01/2014,17142 Detroit,Content/listingImages/20140625/a848660d-35bb-4793-a89d-f843f4e8c431_thumbcrop.jpg
"1,000 FT",1 BATH,/Listing/Details/524365/14901-East-State-Fair,$4700,3 BED,07/01/2014,14901 East State Fair,Content/listingImages/20140626/440e7fa6-b166-4e67-b902-47b6e9ad490e_thumbcrop.jpg
"1,200 FT",2 BATH,/Listing/Details/508586/17341-Washburn,$12300,3 BED,06/30/2014,17341 Washburn,Content/listingImages/20140618/7c8298a1-6831-4e2c-be1b-723dd3644704_thumbcrop.jpg
"2,000 FT",1 BATH,/Listing/Details/506227/3951-Three-Mile,$3000,4 BED,06/29/2014,3951 Three Mile,Content/listingImages/20140618/a44705c0-802d-4e5c-aea9-3524129e607a_thumbcrop.jpg
"1,200 FT",1.1 BATH,/Listing/Details/504473/233-Marlborough,$1000,3 BED,06/28/2014,233 Marlborough,Content/listingImages/20140618/ca8cd941-0b25-4d13-99d5-9ebfb62cd84b_thumbcrop.jpg
"1,000 FT",1 BATH,/Listing/Details/504767/15737-Asbury-Park,$10000,3 BED,06/28/2014,15737 Asbury Park,Content/listingImages/20140618/03a03e1a-551e-4ac9-8849-fbcfc1a3e715_thumbcrop.jpg
"1,500 FT",1.1 BATH,/Listing/Details/503187/845-Lakewood,$15500,4 BED,06/27/2014,845 Lakewood,Content/listingImages/20140618/6c28db2e-88f7-474a-a99b-bddc4a9ed204_thumbcrop.jpg
"1,100 FT",1 BATH,/Listing/Details/503431/14422-Prevost,$1000,3 BED,06/27/2014,14422 Prevost,Content/listingImages/20140624/d340f95a-e19b-4d1f-a3bf-9f520ce3cbe2_thumbcrop.jpg
"1,200 FT",1.1 BATH,/Listing/Details/505937/11774-Engleside,$3200,3 BED,06/26/2014,11774 Engleside,Content/listingImages/20140618/c1ce661c-e763-43e1-b1af-2625c48f210c_thumbcrop.jpg
"3,000 FT",3.1 BATH,/Listing/Details/480760/571-East-Grand-Blvd,$62600,6 BED,06/25/2014,571 East Grand Blvd.,Content/listingImages/20140616/95cb7869-e8e2-4fab-a992-b7f9d62a31bd_thumbcrop.jpg
850 FT,1.1 BATH,/Listing/Details/499866/17616-Beland,$7100,3 BED,06/25/2014,17616 Beland,Content/listingImages/20140615/7d0509d7-eb88-4f8a-b3ba-130df069b4d7_thumbcrop.jpg
800 FT,1 BATH,/Listing/Details/494130/5261-Radnor,$1000,2 BED,06/24/2014,5261 Radnor,Content/listingImages/20140612/bbd898f6-9eff-434a-8451-fd5d8d593996_thumbcrop.jpg
"1,100 FT",1 BATH,/Listing/Details/495083/16477-Collingham,$5000,3 BED,06/24/2014,16477 Collingham,Content/listingImages/20140612/7da6b728-5708-43ca-ac22-d797c9026c97_thumbcrop.jpg
"1,000 FT",1.1 BATH,/Listing/Details/492787/6185-Hereford,$7100,3 BED,06/23/2014,6185 Hereford,Content/listingImages/20140612/c6f9b8d5-ebb6-4c47-97cb-e4c5ba88a5bb_thumbcrop.jpg
"1,300 FT",1.1 BATH,/Listing/Details/493336/9389-Penrod,$1100,3 BED,06/23/2014,9389 Penrod,Content/listingImages/20140612/1e57e1f2-34a3-4bb6-a8b0-7608ceb19676_thumbcrop.jpg
"1,300 FT",1.1 BATH,/Listing/Details/491778/1205-Hubbard,$62100,4 BED,06/22/2014,1205 Hubbard,Content/listingImages/20140612/0f86d764-4189-48f0-a5b5-fc321bb93e9b_thumbcrop.jpg
"1,000 FT",1.1 BATH,/Listing/Details/478562/10014-Minock,$7900,3 BED,06/22/2014,10014 Minock,Content/listingImages/20140606/4cdba3ec-5d45-4b8a-b73c-cf313328e088_thumbcrop.jpg
"1,600 FT",1.5 BATH,/Listing/Details/459217/4884-Yorkshire,$16000,3 BED,06/21/2014,4884 Yorkshire,Content/listingImages/20140527/c2ab6709-38e4-46b3-b1e0-913be9bcf37e_thumbcrop.jpg
"1,600 FT",1.5 BATH,/Listing/Details/495784/3501-Devonshire,$1000,3 BED,06/21/2014,3501 Devonshire,Content/listingImages/20140612/6a023b45-2a56-4fea-aff8-e6830fa68cc6_thumbcrop.jpg
800 FT,1 BATH,/Listing/Details/479750/6857-Abington,$6600,2 BED,06/20/2014,6857 Abington,Content/listingImages/20140606/a89eee48-311e-4abf-a739-86519864dc0c_thumbcrop.jpg
"1,600 FT",1.5 BATH,/Listing/Details/458343/5500-Kensington,$22100,3 BED,06/20/2014,5500 Kensington,Content/listingImages/20140527/42c9b663-5ddd-46d6-ae23-3b9d355830bc_thumbcrop.jpg
"1,400 FT",1.5 BATH,/Listing/Details/458682/5261-Grayton,$19100,3 BED,06/19/2014,5261 Grayton,Content/listingImages/20140527/0df318e9-f8f6-433c-ba75-cd6cdb879eb8_thumbcrop.jpg
"1,200 FT",1.1 BATH,/Listing/Details/479208/7419-Memorial,$6700,3 BED,06/19/2014,7419 Memorial,Content/listingImages/20140606/33eeec9a-ba6f-41a8-aaaa-b6f5df5036bf_thumbcrop.jpg
"1,300 FT",1.1 BATH,/Listing/Details/456360/6166-Bishop,$7200,3 BED,06/18/2014,6166 Bishop,Content/listingImages/20140527/4cb3a714-4780-41cb-9bcf-9b0b171f1b83_thumbcrop.jpg
"1,900 FT",2.1 BATH,/Listing/Details/490313/16591-Bentler,$15100,4 BED,06/18/2014,16591 Bentler,Content/listingImages/20140612/320ead50-e8ba-4f88-add7-b31d08354092_thumbcrop.jpg
"1,200 FT",2 BATH,/Listing/Details/477762/18411-Shiawassee,$5100,3 BED,06/17/2014,18411 Shiawassee,Content/listingImages/20140606/389f5f59-735b-46f9-9b1c-ac5b9cb25aaa_thumbcrop.jpg
"1,300 FT",1.1 BATH,/Listing/Details/455700/6015-Cadieux,$4900,3 BED,06/17/2014,6015 Cadieux,Content/listingImages/20140527/fd9bb4f2-7966-452f-9c15-02581e8f34ff_thumbcrop.jpg
"1,200 FT",1.1 BATH,/Listing/Details/455644/5961-Cadieux,$6500,3 BED,06/16/2014,5961 Cadieux,Content/listingImages/20140527/39fc3cf0-171b-47a1-b343-cd8e99aaeceb_thumbcrop.jpg
"1,300 FT",2 BATH,/Listing/Details/476969/16585-Burt,$3700,3 BED,06/16/2014,16585 Burt,Content/listingImages/20140606/3181b900-1b80-4bb4-8cd8-10b78de58fde_thumbcrop.jpg
"1,000 FT",1 BATH,/Listing/Details/454389/3890-Bishop,$29800,3 BED,06/15/2014,3890 Bishop,Content/listingImages/20140527/d583cd6f-8942-42e1-8976-559e18501895_thumbcrop.jpg
"1,600 FT",1.1 BATH,/Listing/Details/439480/9971-Balfour,$16700,4 BED,06/15/2014,9971 Balfour,Content/listingImages/20140527/8fa323c5-8c26-4747-b3cc-c0b953e7e595_thumbcrop.jpg
"1,000 FT",1 BATH,/Listing/Details/438633/11637-Lansdowne,$6700,3 BED,06/14/2014,11637 Lansdowne,Content/listingImages/20140527/ec1d1a5f-76cf-4576-9142-fa3598823877_thumbcrop.jpg
"1,300 FT",1.1 BATH,/Listing/Details/452405/16949-Chandler-Park,$6000,3 BED,06/14/2014,16949 Chandler Park,Content/listingImages/20140527/dc681fc2-a08b-4435-acfc-e6e38908ddb3_thumbcrop.jpg
"1,100 FT",1 BATH,/Listing/Details/450399/16905-Chandler-Park,$8200,3 BED,06/13/2014,16905 Chandler Park,Content/listingImages/20140527/0ddf5fe4-6064-4d7e-9eb9-3a6a492d453b_thumbcrop.jpg
"1,000 FT",1 BATH,/Listing/Details/435654/3699-Three-Mile,$1000,3 BED,06/13/2014,3699 Three Mile,Content/listingImages/20140527/337c1c38-1f35-4ea7-b574-8d6959647983_thumbcrop.jpg
"2,000 FT",1 BATH,/Listing/Details/434430/3951-Three-Mile,$3300,4 BED,06/12/2014,3951 Three Mile,Content/listingImages/20140527/7f7b2209-460a-4cd5-b60f-5940421ad97a_thumbcrop.jpg
"1,200 FT",1.1 BATH,/Listing/Details/447502/5511-Bishop,$14100,3 BED,06/12/2014,5511 Bishop,Content/listingImages/20140527/58b636d6-183a-4514-873b-1073194ebbbc_thumbcrop.jpg
"1,300 FT",1.1 BATH,/Listing/Details/445263/5811-Grayton,$10500,3 BED,06/11/2014,5811 Grayton,Content/listingImages/20140527/87893e90-d7a4-4fc0-b7ba-8839f2e304f1_thumbcrop.jpg
"1,600 FT",2 BATH,/Listing/Details/442861/5958-Yorkshire,$7100,3 BED,06/10/2014,5958 Yorkshire,Content/listingImages/20140527/63195edc-0331-4af4-80ac-bdfed32783e3_thumbcrop.jpg
"1,900 FT",2.1 BATH,/Listing/Details/433141/4177-Audubon,$39100,3 BED,06/10/2014,4177 Audubon,Content/listingImages/20140527/b2c5c35c-3c8e-4db1-bd1b-098ee88123ea_thumbcrop.jpg
"1,000 FT",1 BATH,/Listing/Details/433123/4151-Three-Mile-Drive,$4600,3 BED,06/09/2014,4151 Three Mile Drive,Content/listingImages/20140527/e06004f0-a92b-4227-925a-d803b495712f_thumbcrop.jpg
"1,600 FT",1.1 BATH,/Listing/Details/440329/4819-Yorkshire,$44900,3 BED,06/09/2014,4819 Yorkshire,Content/listingImages/20140527/70a189fd-ab03-4b56-a08c-47da28dabcc2_thumbcrop.jpg
"1,400 FT",1 BATH,/Listing/Details/433105/5730-Audubon,$21100,3 BED,06/08/2014,5730 Audubon,Content/listingImages/20140527/ef9bbc55-91a4-435b-baf8-36e00d0d82d8_thumbcrop.jpg
"1,700 FT",1 BATH,/Listing/Details/404861/2480-Atkinson,$19400,3 BED,06/08/2014,2480 Atkinson,Content/listingImages/20140512/c6af0553-f478-489c-a397-d96d89c3dcd5_thumbcrop.jpg
"1,400 FT",1 BATH,/Listing/Details/433081/5239-Three-Mile-Drive,$8000,3 BED,06/07/2014,5239 Three Mile Drive,Content/listingImages/20140527/ded6747d-85cd-4e53-ace4-a7a4e7155228_thumbcrop.jpg
"3,300 FT",4 BATH,/Listing/Details/411280/2470-Longfellow,$37200,6 BED,06/07/2014,2470 Longfellow,Content/listingImages/20140512/e27f369f-3b99-4919-91e4-e9843960f7c3_thumbcrop.jpg
"3,000 FT",2.2 BATH,/Listing/Details/466498/115-Chicago-Blvd,$97900,4 BED,06/06/2014,115 Chicago Blvd,Content/listingImages/20140531/b9bcb6f9-694d-4f0e-9ba1-b214b55ce2d5_thumbcrop.jpg
"1,600 FT",2 BATH,/Listing/Details/433052/4405-Somerset,$1000,3 BED,06/06/2014,4405 Somerset,Content/listingImages/20140527/16921e33-510c-45d3-9b81-f650cc939a57_thumbcrop.jpg
"1,400 FT",1.2 BATH,/Listing/Details/413134/15800-Bringard,$3900,3 BED,06/05/2014,15800 Bringard,Content/listingImages/20140512/969325be-d092-46dc-9bd5-8f1c60379536_thumbcrop.jpg
"3,800 FT",2.2 BATH,/Listing/Details/395214/2081-Longfellow,$53100,6 BED,06/05/2014,2081 Longfellow,Content/listingImages/20140511/8465b21b-6da3-4b45-b306-14c5ac30eb33_thumbcrop.jpg
"1,200 FT",1.1 BATH,/Listing/Details/408166/8055-Bliss,$8100,3 BED,06/04/2014,8055 Bliss,Content/listingImages/20140512/9c76e20d-6147-476d-a4a8-91dc5128ff50_thumbcrop.jpg
"1,600 FT",1 BATH,/Listing/Details/404166/2460-Atkinson,$10100,3 BED,06/04/2014,2460 Atkinson,Content/listingImages/20140512/c99a5e0d-de86-4382-902a-d4a6eb239267_thumbcrop.jpg
"1,000 FT",1 BATH,/Listing/Details/405480/20283-Pelkey,$2900,2 BED,06/03/2014,20283 Pelkey,Content/listingImages/20140512/453732e0-9a4e-412e-82c2-9a2f81dc3da3_thumbcrop.jpg
"1,900 FT",2.1 BATH,/Listing/Details/399347/2000-Atkinson,$23200,3 BED,06/03/2014,2000 Atkinson,Content/listingImages/20140523/b24e12cc-eb31-4b1a-aec6-007d3166eb49_thumbcrop.jpg
"1,800 FT",2.1 BATH,/Listing/Details/398852/1508-Atkinson,$10100,5 BED,06/02/2014,1508 Atkinson,Content/listingImages/20140523/275a0be0-9044-4f65-bb3e-49af2afc0ef8_thumbcrop.jpg
"2,000 FT",2 BATH,/Listing/Details/412631/18070-Strasburg,$6700,4 BED,06/02/2014,18070 Strasburg,Content/listingImages/20140523/788e8547-9140-4b96-8c59-84431ebabcdd_thumbcrop.jpg
"1,300 FT",1 BATH,/Listing/Details/411726/18631-Albion,$5400,3 BED,06/01/2014,18631 Albion,Content/listingImages/20140523/ae9d6a6e-ee2a-4999-adda-f1c177d0eb3e_thumbcrop.jpg
"2,800 FT",2 BATH,/Listing/Details/398542/1181-Atkinson,$13300,4 BED,06/01/2014,1181 Atkinson,Content/listingImages/20140523/6cdb7475-5187-40ec-946b-ac2f84e89012_thumbcrop.jpg
"2,900 FT",3.1 BATH,/Listing/Details/393392/1756-W-Boston-Blvd,$43100,4 BED,05/31/2014,1756 W. Boston Blvd,Content/listingImages/20140523/b0a5565d-b4d0-4649-9ff6-44967b495ab0_thumbcrop.jpg
"1,200 FT",1.1 BATH,/Listing/Details/408133/11774-Engleside,$5100,3 BED,05/31/2014,11774 Engleside,Content/listingImages/20140523/49547d32-8b29-48ab-9543-cfd5cd4e70d1_thumbcrop.jpg
"1,200 FT",1 BATH,/Listing/Details/405906/19219-Alcoy,$5600,3 BED,05/30/2014,19219 Alcoy,Content/listingImages/20140523/633cf928-6e89-4191-b4a6-377adf9f0350_thumbcrop.jpg
"1,100 FT",1 BATH,/Listing/Details/406747/16477-Collingham,$10200,3 BED,05/29/2014,16477 Collingham,Content/listingImages/20140523/fba89168-702d-4af8-826e-16eb0e546bc0_thumbcrop.jpg
"3,800 FT",2.1 BATH,/Listing/Details/403430/1737-W-Chicago-Blvd,$34400,6 BED,05/29/2014,1737 W. Chicago Blvd,Content/listingImages/20140523/21f10199-ae7c-4a2a-ae57-23abb1f3c109_thumbcrop.jpg
"1,000 FT",1.1 BATH,/Listing/Details/407289/13640-Collingham,$6600,3 BED,05/28/2014,13640 Collingham,Content/listingImages/20140523/6dca4468-d6f7-4873-93d0-a09d27ac5d71_thumbcrop.jpg
"1,300 FT",2 BATH,/Listing/Details/405452/19586-Westphalia,$9500,3 BED,05/27/2014,19586 Westphalia,Content/listingImages/20140523/f2a60e57-1c62-4ab5-85d1-41ee363c9c8a_thumbcrop.jpg
"4,200 FT",3.2 BATH,/Listing/Details/392073/2224-W-Boston-Blvd,$70300,6 BED,05/27/2014,2224 W. Boston Blvd,Content/listingImages/20140511/0d9d521a-89ce-416b-883d-761af6683b92_thumbcrop.jpg
"1,600 FT",1.5 BATH,/Listing/Details/336697/3501-Devonshire,$10200,3 BED,05/23/2014,3501 Devonshire,Content/listingImages/20140413/37d3030a-9e65-4e27-b7b5-cb7616a5e7d2_thumbcrop.jpg
"1,400 FT",1 BATH,/Listing/Details/337359/4690-Devonshire,$7000,3 BED,05/22/2014,4690 Devonshire,Content/listingImages/20140413/1be91d01-72d5-41a7-aa5b-c56944bcc21d_thumbcrop.jpg
"2,350 FT",2 BATH,/Listing/Details/381969/4722-Avery,$87100,4 BED,05/21/2014,4722 Avery,Content/listingImages/20140520/ff75122f-e54c-48a9-b461-b11b33e59a1a_thumbcrop.jpg
"1,100 FT",1 BATH,/Listing/Details/337943/5061-Cadieux,$12600,3 BED,05/20/2014,5061 Cadieux,Content/listingImages/20140413/de55ca82-4f97-4049-9323-de64f63b2cef_thumbcrop.jpg
"1,300 FT",1.5 BATH,/Listing/Details/340136/5301-Harvard,$13100,3 BED,05/19/2014,5301 Harvard,Content/listingImages/20140413/d18fe707-0410-434c-888d-fed9095a6af2_thumbcrop.jpg
"1,400 FT",1.5 BATH,/Listing/Details/339020/5261-Grayton,$35400,3 BED,05/16/2014,5261 Grayton,Content/listingImages/20140413/fa416a41-0ca4-4795-b52e-bca61bf4700a_thumbcrop.jpg
"1,500 FT",1.5 BATH,/Listing/Details/339399/5266-Grayton,$26900,3 BED,05/15/2014,5266 Grayton,Content/listingImages/20140413/9763a518-b067-4f00-8867-c64b1b5ad264_thumbcrop.jpg
"1,600 FT",1.5 BATH,/Listing/Details/340982/5500-Kensington,$27300,3 BED,05/14/2014,5500 Kensington,Content/listingImages/20140413/176abc0a-784d-43a3-8157-e4b7892eb24b_thumbcrop.jpg
"1,600 FT",1.5 BATH,/Listing/Details/338684/5109-Kensington,$35800,3 BED,05/13/2014,5109 Kensington,Content/listingImages/20140413/63d53c0a-b704-4501-a2bd-aa1405917d1e_thumbcrop.jpg
"1,600 FT",1.5 BATH,/Listing/Details/331607/4884-Yorkshire,$15100,3 BED,05/12/2014,4884 Yorkshire,Content/listingImages/20140410/2ec9a5b8-19d1-4ed9-8eb1-f24b4accbd91_thumbcrop.jpg
"1,100 FT",1 BATH,/Listing/Details/336981/4145-Cadieux,$10400,3 BED,05/09/2014,4145 Cadieux,Content/listingImages/20140413/76589ba6-3b00-4f69-b8be-f35f83155bfb_thumbcrop.jpg
"1,400 FT",1.5 BATH,/Listing/Details/334147/4811-Harvard,$39400,3 BED,05/08/2014,4811 Harvard,Content/listingImages/20140410/2eaa0238-0b81-4877-9821-100fc9bf0014_thumbcrop.jpg
"1,200 FT",1 BATH,/Listing/Details/333453/4356-Harvard,$28100,3 BED,05/07/2014,4356 Harvard,Content/listingImages/20140410/a0ce1f53-29e1-4d4f-a575-646a9add0c11_thumbcrop.jpg
"1,500 FT",1.5 BATH,/Listing/Details/332463/4335-Bishop,$30100,3 BED,05/06/2014,4335 Bishop,Content/listingImages/20140410/b2054201-406d-4c4d-a717-56bdaba1fcf3_thumbcrop.jpg
"1,400 FT",1.5 BATH,/Listing/Details/341370/4184-Bishop,$34100,3 BED,05/05/2014,4184 Bishop,Content/listingImages/20140413/309ff14f-fc71-47b1-9ae4-8715dbeca1f8_thumbcrop.jpg
